{"id":9,"title":"Home page 7","content":"[{\"type\":\"hero_banner\",\"name\":\"Hero Banner\",\"model\":{\"style\":\"style_7\",\"title\":\"There Are <span class=\\\"colored\\\">93,178<\/span> <br>Postings Here For you!\",\"sub_title\":\"Find Jobs, Employment & Career Opportunities\",\"popular_searches\":\"Designer,Developer,Web,IOS,PHP,Senior,Engineer\",\"upload_cv_url\":\"\",\"banner_image\":141,\"banner_image_2\":\"\",\"style_5_banner_image_2\":\"\",\"style_5_banner_image_3\":\"\",\"list_images\":\"\",\"style_5_list_images\":\"\",\"style_6_list_images\":\"\",\"style_7_list_images\":[{\"_active\":true,\"image_id\":142,\"url\":null},{\"_active\":true,\"image_id\":143,\"url\":null},{\"_active\":true,\"image_id\":144,\"url\":null},{\"_active\":true,\"image_id\":145,\"url\":null},{\"_active\":true,\"image_id\":146,\"url\":null},{\"_active\":true,\"image_id\":147,\"url\":null}],\"location_style\":\"\"},\"component\":\"RegularBlock\",\"open\":true,\"is_container\":false},{\"type\":\"jobs_list\",\"name\":\"Jobs List\",\"model\":{\"style\":\"style_7\",\"title\":\"Featured Jobs\",\"sub_title\":\"Know your worth and find the job that qualify your life\",\"number\":\"\",\"job_categories\":[\"9\",\"7\",\"6\",\"4\",\"5\",\"3\",\"2\",\"1\"],\"order\":\"is_featured\",\"order_by\":\"asc\",\"load_more_url\":\"#\"},\"component\":\"RegularBlock\",\"open\":true,\"is_container\":false},{\"type\":\"about\",\"name\":\"About Us Block\",\"model\":{\"style\":\"style_4\",\"title\":\"Video Job Ads: Our Top Pick\",\"sub_title\":\"Sit amet, consectetur adipiscing elit, sed do eiusmod tempor incididunt. Labore et dolore magna aliqua. Ut enim ad minim veniam, quis nostrud exercitation.\",\"content\":\"<ul>\\n<li>Creative Study Pattern<\/li>\\n<li>Quick Crash Courses<\/li>\\n<li>Certification Awarded<\/li>\\n<li>Provided with Experimental Examples<\/li>\\n<\/ul>\",\"button_name\":\"Watch Video\",\"button_url\":\"https:\/\/www.youtube.com\/watch?v=4UvS3k8D4rs\",\"button_target\":\"\",\"button_color\":\"\",\"featured_image\":148,\"image_2\":\"\"},\"component\":\"RegularBlock\",\"open\":true,\"is_container\":false},{\"type\":\"BlockCounter\",\"name\":\"Block Counter\",\"model\":{\"style\":\"style_2\",\"list_item\":[{\"_active\":true,\"number\":\"4\",\"symbol\":\"M\",\"desc\":\"4 million daily active users\"},{\"_active\":true,\"number\":\"12\",\"symbol\":\"K\",\"desc\":\"Over 12k open job positions\"},{\"_active\":true,\"number\":\"20\",\"symbol\":\"M\",\"desc\":\"Over 20 million stories shared\"}]},\"component\":\"RegularBlock\",\"open\":true,\"is_container\":false},{\"type\":\"list_company\",\"name\":\"Company: List Items\",\"model\":{\"style\":\"style_4\",\"title\":\"Top Company Registered\",\"sub_title\":\"Some of the companies we've helped recruit excellent applicants over the years.\",\"number\":15,\"category_id\":[\"9\",\"7\",\"5\",\"6\",\"4\",\"3\",\"2\"],\"order\":\"name\",\"order_by\":\"desc\"},\"component\":\"RegularBlock\",\"open\":true,\"is_container\":false},{\"type\":\"testimonial\",\"name\":\"List Testimonial\",\"model\":{\"style\":\"style_5\",\"title\":\"Testimonials From Our Customers\",\"sub_title\":\"Lorem ipsum dolor sit amet elit, sed do eiusmod tempor\",\"list_item\":[{\"_active\":true,\"title\":\"Great quality!\",\"desc\":\"Without JobHunt i\u2019d be homeless, they found me a job and got me sorted out quickly with everything! Can\u2019t quite\u2026 The Mitech team works really hard to ensure high level of quality\",\"info_name\":\"Brooklyn Simmons\",\"position\":\"Web Developer\",\"avatar\":151},{\"_active\":true,\"title\":\"Great quality!\",\"desc\":\"Without JobHunt i\u2019d be homeless, they found me a job and got me sorted out quickly with everything! Can\u2019t quite\u2026 The Mitech team works really hard to ensure high level of quality\",\"info_name\":\"Brooklyn Simmons\",\"position\":\"Web Developer\",\"avatar\":151}],\"banner_image\":149,\"banner_image_2\":150},\"component\":\"RegularBlock\",\"open\":true,\"is_container\":false},{\"type\":\"job_categories\",\"name\":\"Job Categories\",\"model\":{\"style\":\"style_5\",\"title\":\"Popular Job Categories\",\"sub_title\":\"2020 jobs live - 293 added today.\",\"job_categories\":[\"9\",\"7\",\"5\",\"6\",\"8\",\"4\",\"2\",\"3\",\"1\"]},\"component\":\"RegularBlock\",\"open\":true,\"is_container\":false},{\"type\":\"jobs_list\",\"name\":\"Jobs List\",\"model\":{\"style\":\"style_8\",\"title\":\"Recent Jobs\",\"sub_title\":\"Know your worth and find the job that qualify your life\",\"number\":9,\"job_categories\":[\"1\",\"2\",\"3\",\"4\",\"5\",\"6\",\"7\",\"8\",\"9\"],\"order\":\"id\",\"order_by\":\"desc\",\"load_more_url\":\"\"},\"component\":\"RegularBlock\",\"open\":true,\"is_container\":false},{\"type\":\"list_candidates\",\"name\":\"Candidates: List Items\",\"model\":{\"style\":\"style_2\",\"title\":\"Featured Candidates\",\"desc\":\"Lorem ipsum dolor sit amet elit, sed do eiusmod tempor\",\"number\":6,\"category_id\":\"\",\"order\":\"id\",\"order_by\":\"desc\"},\"component\":\"RegularBlock\",\"open\":true,\"is_container\":false},{\"type\":\"BlockAds\",\"name\":\"Ads Us Block\",\"model\":{\"style\":\"style_1\",\"list_item\":[{\"_active\":true,\"title\":\"Recruiting\",\"sub_title\":\"Now\",\"button_name\":\"View All\",\"image_id\":152,\"ads_link\":\"#\"},{\"_active\":true,\"title\":\"Membership\",\"sub_title\":\"Opportunities\",\"button_name\":\"View All\",\"image_id\":153,\"ads_link\":\"#\"},{\"_active\":true,\"title\":\"Post a\",\"sub_title\":\"Vacancy\",\"button_name\":\"View All\",\"image_id\":154,\"ads_link\":\"#\"}]},\"component\":\"RegularBlock\",\"open\":true}]","type_id":null,"create_user":1,"update_user":1,"origin_id":null,"lang":null,"created_at":"2022-04-08T14:26:15.000000Z","updated_at":"2022-04-08T15:54:14.000000Z","translations":[]}