{"id":11,"title":"Home Page 9","content":"[{\"type\":\"hero_banner\",\"name\":\"Hero Banner\",\"model\":{\"style\":\"style_9\",\"title\":\"15,000+ Browse Jobs\",\"sub_title\":\"Find Jobs, Employment & Career Opportunities\",\"popular_searches\":\"\",\"upload_cv_url\":\"\",\"banner_image\":158,\"banner_image_2\":\"\",\"style_5_banner_image_2\":\"\",\"style_5_banner_image_3\":\"\",\"list_images\":\"\",\"style_5_list_images\":\"\",\"style_6_list_images\":\"\",\"style_7_list_images\":\"\",\"location_style\":\"autocomplete\",\"list_counter\":[{\"_active\":true,\"title\":\"97216\",\"sub_title\":\"Jobs\"},{\"_active\":true,\"title\":\"4782\",\"sub_title\":\"Members\"},{\"_active\":true,\"title\":\"5322\",\"sub_title\":\"Resume\"},{\"_active\":true,\"title\":\"6329\",\"sub_title\":\"Company\"}]},\"component\":\"RegularBlock\",\"open\":true,\"is_container\":false},{\"type\":\"jobs_list\",\"name\":\"Jobs List\",\"model\":{\"style\":\"style_10\",\"title\":\"Featured Jobs\",\"sub_title\":\"Know your worth and find the job that qualify your life\",\"number\":9,\"job_categories\":[\"9\",\"8\",\"7\",\"6\",\"5\",\"4\",\"3\",\"2\",\"1\"],\"order\":\"id\",\"order_by\":\"desc\",\"load_more_url\":\"\"},\"component\":\"RegularBlock\",\"open\":true,\"is_container\":false},{\"type\":\"about\",\"name\":\"About Us Block\",\"model\":{\"style\":\"style_5\",\"title\":\"Find Jobs with 3 easy steps\",\"sub_title\":\"Sit amet, consectetur adipiscing elit, sed do eiusmod tempor incididunt. Labore et dolore magna aliqua. Ut enim ad minim veniam, quis nostrud exercitation.\",\"content\":\"<ul>\\n<li><span class=\\\"count\\\">1<\/span> Register an account to start<\/li>\\n<li><span class=\\\"count\\\">2<\/span> Explore over thousands of resumes<\/li>\\n<li><span class=\\\"count\\\">3<\/span> Find the most suitable candidate<\/li>\\n<\/ul>\",\"button_name\":\"\",\"button_url\":\"\",\"button_target\":\"\",\"button_color\":\"\",\"featured_image\":159,\"image_2\":160,\"sub_image_2\":\"300k+ Employers\"},\"component\":\"RegularBlock\",\"open\":true,\"is_container\":false},{\"type\":\"call_to_action\",\"name\":\"Call To Action\",\"model\":{\"style\":\"style_1\",\"title\":\"Make a Difference with Your Online Resume!\",\"sub_title\":\"Your resume in minutes with JobHunt resume assistant is ready!\",\"link_search\":\"Create an Account\",\"url_search\":\"#\",\"link_apply\":\"\",\"url_apply\":\"\",\"bg_image\":161},\"component\":\"RegularBlock\",\"open\":true,\"is_container\":false},{\"type\":\"job_categories\",\"name\":\"Job Categories\",\"model\":{\"style\":\"style_1\",\"title\":\"Popular Job Categories\",\"sub_title\":\"2020 jobs live - 293 added today.\",\"job_categories\":[\"9\",\"7\",\"8\",\"6\",\"5\",\"4\",\"3\",\"2\",\"1\"]},\"component\":\"RegularBlock\",\"open\":true,\"is_container\":false},{\"type\":\"list_candidates\",\"name\":\"Candidates: List Items\",\"model\":{\"style\":\"style_1\",\"title\":\"Featured Candidates\",\"desc\":\"Lorem ipsum dolor sit amet elit, sed do eiusmod tempor\",\"number\":12,\"category_id\":\"\",\"order\":\"id\",\"order_by\":\"desc\",\"load_more_url\":\"\/candidate\",\"load_more_name\":\"Browse All\"},\"component\":\"RegularBlock\",\"open\":true,\"is_container\":false},{\"type\":\"testimonial\",\"name\":\"List Testimonial\",\"model\":{\"style\":\"style_6\",\"title\":\"Testimonials From Our Customers\",\"sub_title\":\"Lorem ipsum dolor sit amet elit, sed do eiusmod tempor\",\"list_item\":[{\"_active\":true,\"title\":\"Great quality!\",\"desc\":\"Without JobHunt i\u2019d be homeless, they found me a job and got me sorted out quickly with everything! Can\u2019t quite\u2026 The Mitech team works really hard to ensure high level of quality\",\"info_name\":\"Nicole Wells\",\"position\":\"Web Developer\",\"avatar\":163},{\"_active\":true,\"title\":\"Great quality!\",\"desc\":\"Without JobHunt i\u2019d be homeless, they found me a job and got me sorted out quickly with everything! Can\u2019t quite\u2026 The Mitech team works really hard to ensure high level of quality\",\"info_name\":\"Gabriel Nolan\",\"position\":\"Consultant\",\"avatar\":164},{\"_active\":true,\"title\":\"Great quality!\",\"desc\":\"Without JobHunt i\u2019d be homeless, they found me a job and got me sorted out quickly with everything! Can\u2019t quite\u2026 The Mitech team works really hard to ensure high level of quality\",\"info_name\":\"Nicole Wells\",\"position\":\"Web Developer\",\"avatar\":163},{\"_active\":true,\"title\":\"Great quality!\",\"desc\":\"Without JobHunt i\u2019d be homeless, they found me a job and got me sorted out quickly with everything! Can\u2019t quite\u2026 The Mitech team works really hard to ensure high level of quality\",\"info_name\":\"Gabriel Nolan\",\"position\":\"Consultant\",\"avatar\":164}],\"banner_image\":162,\"banner_image_2\":\"\"},\"component\":\"RegularBlock\",\"open\":true,\"is_container\":false},{\"type\":\"BlockCounter\",\"name\":\"Block Counter\",\"model\":{\"style\":\"style_1\",\"list_item\":[{\"_active\":true,\"number\":\"4\",\"symbol\":\"M\",\"desc\":\"4 million daily active users\"},{\"_active\":true,\"number\":\"12\",\"symbol\":\"k\",\"desc\":\"Over 12k open job positions\"},{\"_active\":true,\"number\":\"20\",\"symbol\":\"M\",\"desc\":\"Over 20 million stories shared\"}]},\"component\":\"RegularBlock\",\"open\":true,\"is_container\":false},{\"type\":\"list_news\",\"name\":\"News: List Items\",\"model\":{\"style\":\"style_1\",\"title\":\"Recent News Articles\",\"sub_title\":\"Fresh job related news content posted each day.\",\"number\":3,\"category_id\":\"\",\"order\":\"id\",\"order_by\":\"desc\"},\"component\":\"RegularBlock\",\"open\":true,\"is_container\":false},{\"type\":\"call_to_action\",\"name\":\"Call To Action\",\"model\":{\"style\":\"style_6\",\"title\":\"Gat a question?\",\"sub_title\":\"We're here to help. Check out our FAQs, send us an email or call us at 1 \",\"link_search\":\"(900) 777-7777.\",\"url_search\":\"#\",\"link_apply\":\"Get Started\",\"url_apply\":\"#\",\"bg_image\":\"\"},\"component\":\"RegularBlock\",\"open\":true,\"is_container\":false}]","type_id":null,"create_user":1,"update_user":null,"origin_id":null,"lang":null,"created_at":"2022-06-30T19:48:28.000000Z","updated_at":null,"translations":[]}